dataset,CC(rf),CC(bcts(rf)),ACC(rf),ACC(bcts(rf)),PCC(rf),PCC(bcts(rf)),PACC(rf),PACC(bcts(rf)),EMQ(rf),EMQ(bcts(rf)),FM(rf),FM(bcts(rf)),DyS(rf),DyS(bcts(rf)),MS(rf),MS(bcts(rf)),HDy(rf),HDy(bcts(rf)),KDEyML(rf),KDEyML(bcts(rf)),MLQ(rf),MLQ(bcts(rf)),"QuantCal(rf,3)","QuantCal(bcts(rf),3)","QuantCal(rf,5)","QuantCal(bcts(rf),5)","QuantCal(rf,10)","QuantCal(bcts(rf),10)","QuantCal(lr,3)","QuantCal(bcts(lr),3)","QuantCal(lr,5)","QuantCal(bcts(lr),5)","QuantCal(lr,10)","QuantCal(bcts(lr),10)","QuantCal(knn,3)","QuantCal(bcts(knn),3)","QuantCal(knn,5)","QuantCal(bcts(knn),5)","QuantCal(knn,10)","QuantCal(bcts(knn),10)"
1460_banana,0.06,0.06,0.0254444290536461,0.0250969941620762,0.0781999999999999,0.08377212495740399,0.0215827521523232,0.02172707765057095,0.0202739193109905,0.01845166786665345,0.0260048378388534,0.0262451935751727,0.0188456558425789,0.0184058571464238,0.02128700062581725,0.02092039237245885,0.02,0.02,0.05652458538832725,0.0550554657299992,0.0250000000010305,0.025047137594989798,4.85722573273506e-16,4.718447854656915e-16,1.4710455076283324e-15,1.4710455076283324e-15,2.1926904736346838e-15,2.1371793224034263e-15,0.0260833187725755,0.0258840121314113,0.0256903506050199,0.0253908860082838,0.0255107151330051,0.0253615823626045,0.0,0.0,0.0,0.0,0.0,0.0
1462_banknote-authentication,0.0,0.0,0.0049597478154873,0.0051129357004165,0.0146000000000001,0.0072445464821685,0.0055243229222925495,0.00482598871318715,0.00506628492297495,0.00264072797222935,0.0045190039729002,0.0045959622891639,0.0034279152384798,0.0034751918936283,0.004033107047754151,0.0041016511217544,0.0099999999999999,2.775557561562892e-17,0.00013389005877765,3.211333662769822e-05,0.0077747903665452,0.0052869724720611,3.6082248300317592e-16,3.6082248300317592e-16,1.214306433183765e-15,1.3253287356462806e-15,1.7208456881689926e-15,1.7208456881689926e-15,0.0041932311448738,0.0049648997863432,0.0041658966044403,0.0034661200625144,0.0040681173131334,0.0040931904503642,0.0,0.0,0.0,0.0,0.0,0.0
1466_cardiotocography,0.0,0.0,0.0,0.0,0.0136000000000001,0.00261129333049385,0.0033047949750749503,0.00133165162223635,0.00661379346450925,0.0009358882907182,2.0349345486447845e-08,2.0349345486447845e-08,0.0018867202734507,0.0011984355606616,1.3877787807814457e-17,0.0,0.01,2.775557561562892e-17,1.3849193026549411e-05,1.3848846521766212e-05,6.930289675466383e-13,7.16315895488151e-13,3.6082248300317592e-16,3.6082248300317592e-16,1.214306433183765e-15,1.214306433183765e-15,1.7347234759768069e-15,1.6930901125533637e-15,7.771561172376097e-16,7.771561172376097e-16,2.6367796834847468e-15,2.6367796834847468e-15,1.609823385706477e-15,1.609823385706477e-15,0.0,0.0,0.0,0.0,0.0,0.0
1475_first-order-theorem-proving,0.09,0.0899999999999999,0.0346154461095702,0.034539707080407545,0.131659696969697,0.13069596182109666,0.0301018313833085,0.0302567877722269,0.02633358877284955,0.0261884007062363,0.0335739935192436,0.0336191581163212,0.026216745120594298,0.026310230851155553,0.0288981720811507,0.0291335399142229,0.03,0.03,0.0719081208331309,0.0717556482347986,0.038727197211286396,0.0390579059070653,6.938893903907228e-16,6.938893903907228e-16,1.5959455978986625e-15,1.5959455978986625e-15,2.248201624865942e-15,2.248201624865942e-15,0.0351221037554201,0.0363847130747966,0.0352530541012203,0.03572880446854915,0.035656262260713154,0.0352241174137511,0.0,0.0,0.0,0.0,0.0,0.0
1479_hill-valley,0.24,0.24,0.2014285714285718,0.3,0.26870000000000016,0.2937749362217123,0.1999999999999999,0.2943329604460746,0.19162599081972664,0.1712748575395699,0.1999999999999999,0.3,0.2097468020023649,0.2999554476059524,0.2040000000000011,0.4,0.24,0.29,0.233803002794007,0.33884398825481643,0.2333384874182536,0.2393425224475873,0.2000000000000004,0.3107070131779408,0.1999999999999999,0.3,0.2,0.3,0.2374255952379433,0.3,0.2228037383178371,0.3053157894736222,0.1999999999999999,0.3,0.2,0.3,0.2,0.3,0.2,0.3
1485_madelon,0.17,0.17,0.093425605536332,0.0991715377697841,0.2641,0.23361555789732186,0.07739393512697385,0.08262459651004125,0.0993765308238293,0.0700803788231601,0.0933432714671105,0.09917153795919034,0.0654947617323459,0.06573075019456709,0.0808888888888889,0.08115069356872626,0.0699999999999999,0.0699999999999999,0.15162319633314214,0.16495265399762826,0.0999978306754209,0.099995772448668,0.0999999999999999,0.0999999999999999,0.0999999999999999,0.0999999999999999,0.0999999999999999,0.0999999999999999,0.0989425191079525,0.0999999999999999,0.0938274374460599,0.0999999999999999,0.0944512946978667,0.0999999999999981,0.0999999999999999,0.0999999999999999,0.0999999999999999,0.0999999999999999,0.0999999999999999,0.0999999999999999
1489_phoneme,0.0699999999999999,0.0699999999999999,0.0270402745622241,0.0268922807912279,0.1095,0.09604003475755504,0.023506801091365298,0.02377469469754495,0.02044187105139305,0.0184503077156238,0.0245613568186904,0.0241755870078269,0.0189761826444471,0.01936676077510035,0.021981237682571902,0.0224582720566875,0.0399999999999999,0.0399999999999999,0.0562375131593894,0.0587716798800138,0.0314061252014984,0.0318180275283529,4.85722573273506e-16,4.85722573273506e-16,1.4710455076283324e-15,1.4988010832439613e-15,2.1371793224034263e-15,2.1371793224034263e-15,0.0290897986030599,0.0291762463697991,0.0278702385190411,0.0277628032345001,0.0281197010613412,0.0284978148848783,0.0,0.0,0.0,0.0,0.0,0.0
1494_qsar-biodeg,0.0899999999999999,0.09,0.0379826240612576,0.0401074891105804,0.1286999999999999,0.11817431476144735,0.0313785614376481,0.0323949464685481,0.029918506367040153,0.0262634892304444,0.0370028113971756,0.03552882951773095,0.0263824384416013,0.02694319855303755,0.030217084665695747,0.0316080510300836,0.04,0.04,0.07893108467751515,0.0814917289972992,0.0428785683110763,0.0461538909701878,1.0685896612017132e-15,1.1171619185290638e-15,1.5959455978986625e-15,1.5959455978986625e-15,4.211908599671688e-15,4.211908599671688e-15,0.0443592794196508,0.0381467418402158,0.0398916356247931,0.044124679004674,0.040374259558424,0.0410887971450791,0.0,0.0,0.0,0.0,0.0,0.0
1496_ringnorm,0.03,0.02,0.0148962189180016,0.0130956123411325,0.07969999999999985,0.040936034373865504,0.01347932055054495,0.011918704150117351,0.02509178234958695,0.009974425414419251,0.0148962208983662,0.0131705064427751,0.0100455513886765,0.010077116236358749,0.01194941272819075,0.01147354940094315,0.02,0.01,0.023966230853085302,0.02857243006257515,0.0141318369737019,0.0136354966316633,3.6082248300317592e-16,3.6082248300317592e-16,1.3253287356462806e-15,1.3253287356462806e-15,1.7347234759768069e-15,1.7347234759768069e-15,0.014224645313177,0.0128129595209212,0.0133412783039542,0.0124740124740143,0.0128304727188391,0.0120593879406061,0.0,0.0,0.0,0.0,0.0,0.0
1497_wall-robot-navigation,0.0,0.0,0.0047243565850914,0.0042714174331889,0.0224000000000001,0.0072734599082259,0.0055853438007531005,0.00400495074484105,0.008237258929161499,0.00262939763272875,0.0041120790270677,0.0040697204044744,0.0026929747694826,0.0028137802780887,0.0038384739588674,0.0034875922199866,0.01,1.3877787807814457e-17,9.202675146977035e-05,3.210794084815283e-05,0.0060065424525315,0.0058216361465692,3.469446951953614e-16,3.6082248300317592e-16,1.214306433183765e-15,1.214306433183765e-15,1.7208456881689926e-15,1.6930901125533637e-15,0.0046080013590403,0.0038518718745763,0.0046080013590435,0.0038813714518206,0.0046080013590548,0.0038813714518106,0.0,0.0,0.0,0.0,0.0,0.0
1504_steel-plates-fault,0.0,0.0,0.0055209326844099,0.0056999235698747,0.0630999999999998,0.012350093150060752,0.009941967675763,0.0055756866866373996,0.03069241807819165,0.00400932492683705,0.0062701607909809,0.0054517601110594,0.0043041958031247,0.0032746422952905,0.0051439422146102,0.0045601851851851,0.02,0.0099999999999999,0.0011452465892812002,0.0001070242983772,0.0090466863164703,0.0077488043535726,3.6082248300317592e-16,3.6082248300317592e-16,1.214306433183765e-15,1.214306433183765e-15,1.7208456881689926e-15,1.6653345369377348e-15,0.0061053984575747,0.0057005567573366,0.0059840312579649,0.0061240349258939,0.0051628598459093,0.0049667519181613,0.0,0.0,0.0,0.0,0.0,0.0
1507_twonorm,0.0199999999999999,0.0199999999999999,0.0110483335000107,0.0110483335000107,0.0924999999999999,0.031076667840984902,0.013058806984800851,0.00995969675851055,0.0409961361932238,0.00813993856947195,0.0110462536500493,0.0110462536500493,0.008108445216224901,0.0081417732463498,0.00987568574498365,0.0091380148328896,0.0299999999999999,0.01,0.0114969651727818,0.010859504430824299,0.0105263157909231,0.0107142857148028,3.6082248300317592e-16,3.6082248300317592e-16,1.214306433183765e-15,1.214306433183765e-15,1.7347234759768069e-15,1.7347234759768069e-15,0.011555884256266,0.0112732246665997,0.0113443664093844,0.0111682442861721,0.0111682442861738,0.0115558842562516,0.0,0.0,0.0,0.0,0.0,0.0
1526_wall-robot-navigation,0.0,0.0,0.0,0.0001044740253058,0.0014999999999999,0.0007851085024467,0.00091219856193175,0.0006141919248201,0.0005614369154227,0.00029888291437619996,8.79156886035154e-05,8.79156886035154e-05,0.0013888046295979,0.0011562968231617,8.143710388544556e-05,8.791208791211758e-05,0.0,0.0,1.3848390989140702e-05,1.3848500443988665e-05,7.019385073192552e-13,7.462641615774146e-13,3.469446951953614e-16,3.6082248300317592e-16,1.214306433183765e-15,1.214306433183765e-15,1.7208456881689926e-15,1.6930901125533637e-15,7.771561172376097e-16,7.771561172376097e-16,2.6367796834847468e-15,2.6367796834847468e-15,1.609823385706477e-15,1.609823385706477e-15,0.0,0.0,0.0,0.0,0.0,0.0
1535_volcanoes-b5,0.31,0.35,0.063639588035582,0.0781438167569366,0.30899999999999994,0.3398991110102717,0.051686481095049655,0.05315229010324085,0.10137929542093635,0.11706238343803291,0.0556275506551514,0.0590751538795016,0.05281891867213945,0.053820395992373746,0.054595090726787296,0.0579205509178273,0.1899999999999999,0.19,0.27766315099303596,0.2723369957453913,0.07143062934931704,0.0695600043469688,0.0999999999999996,0.0999999999999998,0.0999999999999985,0.0999999999999994,0.0999999999999978,0.0999999999999998,0.0684263505200586,0.075029655990492,0.0653179190751562,0.0738718157351707,0.06345534344736875,0.0718581241629771,0.0999999999999999,0.0999999999999999,0.0999999999999999,0.0999999999999999,0.0999999999999999,0.0999999999999999
1538_volcanoes-d1,0.4399999999999999,0.5,0.128841190844368,0.5,0.3782999999999999,0.4045821430971453,0.0646324903019283,0.06420150078032985,0.12828842885513236,0.14173910279854862,0.0731527276860183,0.0766267395845005,0.0648801987929925,0.061689459201523994,0.0883962128154407,0.4,0.18,0.0999999999999999,0.4038133600779365,0.386173099098187,0.1499965037859217,0.2999999999999991,0.1000000000000009,0.29954227272727274,0.1000000000000015,0.2997443636363637,0.1000000000000038,0.299775636363635,0.12909836065573715,0.2999999999999995,0.127748691099291,0.2999999999999997,0.1233009708733298,0.2999999999999957,0.1,0.5,0.1,0.5,0.1,0.5
1539_volcanoes-d2,0.43,0.5,0.116292759706191,0.4,0.3715999999999999,0.3986410700112521,0.0626875985970762,0.0584269629391993,0.11715540360010784,0.12383901912020925,0.0633053238512481,0.06572787587394915,0.0586003279190079,0.0564861124540111,0.08244371336197365,0.24848743811789809,0.17,0.0999999999999999,0.39764833496127444,0.37168257768470925,0.1330635703360728,0.2999999999999976,0.1000000000000003,0.2989257575757574,0.1000000000000009,0.250517674780912,0.100000000000001,0.2996918181818171,0.1079261025029814,0.2999988585710526,0.1195964125561985,0.2999999999999997,0.1117475728160302,0.2999999999999957,0.1,0.4,0.1,0.4,0.1,0.4
1540_volcanoes-d3,0.43,0.5,0.112421686325295,0.4,0.3676,0.3951517604479901,0.06181371595653685,0.05904825534748975,0.1089922513876801,0.1232079408806348,0.0669750088014865,0.0670729781880153,0.057274315476519594,0.055943525083513704,0.08066894689131016,0.1999999999999999,0.16,0.0999999999999999,0.3940255658221359,0.36528612078609063,0.1244706812523012,0.2999999999999978,0.1000000000000003,0.2503793058154028,0.1000000000000009,0.2990309090909088,0.1000000000000001,0.2995960909090901,0.107578475336284,0.2999999999999995,0.1073770491801494,0.2999999999999997,0.1000000000003682,0.2999999999999957,0.1,0.4,0.1,0.4,0.1,0.4
1541_volcanoes-d4,0.4399999999999999,0.5,0.1375356065877987,0.4,0.37629999999999997,0.40197385991564605,0.06789396382370319,0.0647385424902231,0.12410369142014654,0.1354228236280131,0.0678543323301641,0.071323113084357,0.0619609901214325,0.05975242799839145,0.09550070854771135,0.3712059496258889,0.1799999999999999,0.1,0.40195144780867964,0.3879370114287063,0.1593171485269273,0.2999999999999985,0.100000000000001,0.2996199999999998,0.1000000000000015,0.2997879999999998,0.1000000000000038,0.299777000000001,0.1373720136518984,0.2999999999999995,0.1272455089818634,0.2999999999999997,0.1326002587325755,0.2999999999999957,0.1,0.5,0.1,0.5,0.1,0.5
1566_hill-valley,0.22,0.22,0.1842852314971277,0.2156663275686675,0.24750000000000005,0.28226761514428184,0.1450668597323265,0.1999999999999999,0.15539990292460784,0.14179779139573656,0.1842846657600074,0.1999999999999999,0.1497062455746176,0.1999554476059523,0.1532565528196979,0.3,0.18,0.2,0.21826417809555998,0.20773383345024615,0.1999076349415581,0.2000000000000001,0.1999999999999998,0.2999999999999995,0.1999999999999993,0.2000033733772889,0.199999999999999,0.2000000000000022,0.19336413246987535,0.1999999999999999,0.1974728087011466,0.3,0.1803724928368134,0.1999999999999999,0.1999999999999999,0.2,0.1999999999999999,0.1999999999999999,0.1999999999999999,0.2
182_satimage,0.01,0.01,0.0082584431907734,0.0077389008241202,0.0273,0.016789126494898,0.00725504018045235,0.0065797786022146,0.0073550051045895,0.004208841447939,0.0065740559501334,0.0058760224469715,0.0048888542949645005,0.0048993547397372,0.0058306569632632,0.0058320912253091994,0.01,0.01,0.00999761323607555,0.0100051466346789,0.0095804475354744,0.0086164588966042,3.6082248300317592e-16,3.6082248300317592e-16,1.214306433183765e-15,1.3253287356462806e-15,1.6653345369377348e-15,1.6653345369377348e-15,0.0085706511881015,0.007652514535648,0.0082124187795885,0.0075553357240237,0.0082383160005041,0.0076525145356501,0.0,0.0,0.0,0.0,0.0,0.0
28_optdigits,0.05,0.0299999999999999,0.0163264733503773,0.0123134305617347,0.09924999999999995,0.041579485865171906,0.013078418906342652,0.01018796632206495,0.03573814628669495,0.0071893776076738004,0.0100318846870663,0.0087704316546539,0.007471661758868349,0.00674196223304035,0.0112628332115358,0.0098040309812893,0.0499999999999999,0.03,0.0290739998377446,0.02967006107630625,0.0176837425188537,0.0116071034143259,3.8857805861880484e-16,3.6082248300317592e-16,1.4363510381087965e-15,1.3253287356462806e-15,1.7347234759768069e-15,1.7208456881689926e-15,0.0193306405077876,0.0123744050766822,0.0173977163542188,0.012410292315766,0.0160874875097448,0.01195022012748435,0.0,0.0,0.0,0.0,0.0,0.0
294_satellite_image,0.01,0.01,0.0081432272214817,0.0073814471885211,0.0281,0.017446010524220602,0.00735076331617065,0.0065241478562173,0.0073630788456716,0.00424713090169855,0.0062105632333584,0.005842099384764,0.0048762415813852,0.0048270354417825,0.0058856558128226,0.00582167977551035,0.01,0.01,0.00998771733064255,0.0100019765618439,0.0102226773918154,0.0085460889783182,3.3306690738754696e-16,3.3306690738754696e-16,1.214306433183765e-15,1.214306433183765e-15,1.7347234759768069e-15,1.6653345369377348e-15,0.008513970680361,0.0078554649716687,0.0084692425569086,0.0074900063117867,0.0082502036752117,0.0074900063117995,0.0,0.0,0.0,0.0,0.0,0.0
30_page-blocks,0.05,0.05,0.0189482143500666,0.0183988841043862,0.0835215782828283,0.0800452041394408,0.015428911809726751,0.01522684587123475,0.009990054735011949,0.00998196613609185,0.012648748148506,0.0124651607205995,0.011425817233946,0.01160165370087075,0.0143215646589672,0.0139460724108496,0.05,0.05,0.032006296507003096,0.0315954869361697,0.0214285713966846,0.0198180413763774,4.163336342344337e-16,4.163336342344337e-16,1.4363510381087965e-15,1.4155343563970746e-15,1.7347234759768069e-15,1.7347234759768069e-15,0.0198369759515621,0.0191805419523253,0.01972842149355905,0.0190057053171881,0.0194650669879039,0.018303571428526,0.0,0.0,0.0,0.0,0.0,0.0
312_scene,0.2299999999999999,0.1399999999999999,0.0452221239683343,0.0325926089452072,0.1949999999999999,0.1372667374227376,0.0301436617319892,0.0282861527448886,0.07960577669921914,0.023205226374190098,0.0391932056366845,0.0343770368170969,0.02485515193458605,0.025757623515731,0.0280252518283427,0.02721248545437885,0.06,0.0799999999999999,0.14666340990967536,0.1392170661385596,0.0555565113895674,0.0399830711145533,0.0569999999999997,9.575673587391977e-16,0.0689999999999993,1.5959455978986625e-15,0.063000000000002,4.1563974484404306e-15,0.0503299340132099,0.0348369546503236,0.0502972258916666,0.036599860172446,0.0499167549568645,0.0345781913817309,0.0,0.0,0.0999999999999999,0.0,0.0999999999999999,0.0
375_JapaneseVowels,0.02,0.0199999999999999,0.0110808226548141,0.0097150488820454,0.055300000000000155,0.026965866086686198,0.0093984900038524,0.0080276882817365,0.01398450009197625,0.005080962810578,0.007944584436004,0.0076644420143399,0.00558228314093505,0.0055634535579308,0.0077626336941166,0.0073780748146725,0.0299999999999999,0.0199999999999999,0.0149831749597229,0.019166869432363003,0.0117897587289699,0.0105263157902552,3.6082248300317592e-16,3.6082248300317592e-16,1.214306433183765e-15,1.214306433183765e-15,1.7208456881689926e-15,1.7347234759768069e-15,0.0110950179369612,0.0088494589728823,0.0109096255636203,0.0095680199234698,0.0109670872503763,0.0095366888349752,0.0,0.0,0.0,0.0,0.0,0.0
40733_yeast,0.1999999999999999,0.21,0.0958868074930249,0.0999999999999999,0.21320000000000006,0.2175092657664796,0.0690149119633661,0.069990963736353,0.06020801752861375,0.062371182050070056,0.0812255831775694,0.0832964257056886,0.06523740025324684,0.06894305128125265,0.07168162851525789,0.07614262560777885,0.0799999999999999,0.0799999999999999,0.17425989958352306,0.1677873219051547,0.10005724031322455,0.0999999999999999,0.0999999999999999,0.0999999999999999,0.0999999999999999,0.0999999999999999,0.0999999999999999,0.0999999999999999,0.0999999999999999,0.0999999999999999,0.0950567260940109,0.0999999999999999,0.09456476544098315,0.0999999999999999,0.0999999999999999,0.0999999999999999,0.0999999999999999,0.0999999999999999,0.0999999999999999,0.0999999999999999
44_spambase,0.03,0.03,0.0153782224101697,0.0153220571169897,0.0628,0.0447806423450227,0.01408654782373325,0.013570830544483749,0.01629636170338805,0.01193018075883175,0.0151623054770158,0.0155010202695753,0.011835007073082299,0.011988018016408,0.01293863836022385,0.01318318817566955,0.02,0.01,0.021007617017291598,0.02213335173195405,0.0182513342252766,0.0185482895609222,3.6082248300317592e-16,3.8857805861880484e-16,1.3253287356462806e-15,1.3253287356462806e-15,1.7347234759768069e-15,1.7347234759768069e-15,0.015933248528499,0.0157962534387184,0.0148785105711494,0.014764418745949,0.0143736194383063,0.0155381356857494,0.0,0.0,0.0,0.0,0.0,0.0
60_waveform-5000,0.0899999999999999,0.07,0.02955793548071,0.0282164277646085,0.13399999999999995,0.09810756334971105,0.02416418167940275,0.023142620649378602,0.03757538423669575,0.0172333845020559,0.0269669790566931,0.0268777732814833,0.0178219727467797,0.0182147691438288,0.0216789083588775,0.022131735076627,0.03,0.0299999999999999,0.06596656917722504,0.07280641044353889,0.0315385113584949,0.0304347837174178,4.85722573273506e-16,4.85722573273506e-16,1.4988010832439613e-15,1.4710455076283324e-15,2.1926904736346838e-15,2.1926904736346838e-15,0.0294077767203602,0.0289246393318169,0.0292570106967445,0.0286592559482332,0.0285714285714455,0.0284085233893653,0.0,0.0,0.0,0.0,0.0,0.0
679_rmftsa_sleepdata,0.17,0.18,0.0999999999999999,0.110744156495071,0.1925654917463857,0.2230539007669161,0.08458893217319365,0.09539353683054261,0.10985461040393216,0.0943304917557638,0.0957747647119564,0.1034225461831578,0.086149973351271,0.0947707065638322,0.08561734550794109,0.1047398119122257,0.13,0.11,0.124057670384951,0.1090937599859094,0.0999999999999999,0.1087122979295451,0.0999999999999999,0.1000000000000004,0.0999999999999999,0.1000000000000009,0.0999999999999999,0.1000000000000021,0.0999999999999999,0.1458019235768262,0.0999999999999999,0.12985722458001014,0.0999999999999999,0.1146951774340307,0.0999999999999999,0.1,0.0999999999999999,0.1,0.0999999999999999,0.1
abalone,0.12,0.12,0.0450172797268267,0.0444719758836948,0.1568000000000001,0.16014292056246737,0.0369520197374862,0.036929972626546945,0.03344697250680426,0.03325688626208935,0.0450171248158616,0.0444176358529277,0.033629287492701554,0.03357216124821935,0.0358676336057076,0.0358501445185209,0.0399999999999999,0.0399999999999999,0.10725550675505345,0.10627534988152476,0.0475102375649939,0.0497444471192777,1.1587952819525073e-15,1.1171619185290638e-15,1.5959455978986625e-15,1.5959455978986625e-15,4.225786387479502e-15,4.225786387479502e-15,0.0474258460734363,0.046639433400248245,0.04494491475707705,0.0452248772142719,0.0452664869348411,0.0452385295995796,0.0,0.0,0.0,0.0,0.0,0.0
AedesQuinx,0.09,0.09,0.0327845636395822,0.0326718639262934,0.1389,0.130538852298864,0.02805950623168595,0.0279405361219793,0.02650165686428805,0.02531316160182405,0.0327333861593122,0.032673858025754,0.025591009573059348,0.02564656884156045,0.0270622421143965,0.02729563001050515,0.03,0.03,0.08042342216663251,0.08176264268932355,0.0325845808417257,0.0328388583046982,6.245004513516507e-16,6.245004513516507e-16,1.547373340571312e-15,1.547373340571312e-15,2.248201624865942e-15,2.248201624865942e-15,0.0328281719013076,0.0327702458611699,0.0324990145841818,0.0329569815635234,0.0329192997748469,0.0325601083643996,0.0,0.0,0.0,0.0,0.0,0.0
AedesSex,0.01,0.01,0.0070595457335788,0.0070682237246465,0.0201,0.01293356408639265,0.0064541830614688,0.0061569753397754,0.00641382735373135,0.00498734605640315,0.006988720883564,0.0070683079028816,0.0052878983071605,0.0054389869110002,0.00583469185134575,0.0059793324056159995,0.01,0.0099999999999999,0.0085688562291208,0.00924551911804045,0.0076231904157376,0.0076890518214449,3.6082248300317592e-16,3.6082248300317592e-16,1.3114509478384662e-15,1.3253287356462806e-15,1.6930901125533637e-15,1.7208456881689926e-15,0.0068969104337899,0.0072301917725512,0.0071434821413145,0.0070653424758751,0.0071025821183841,0.0071434821412982,0.0,0.0,0.0,0.0,0.0,0.0
ailerons,0.07,0.07,0.027890580339184,0.0276163433618469,0.1212,0.10342355308948911,0.0231385873520359,0.022875650018474,0.02494244767698715,0.01935198160629575,0.0277355539433908,0.0284074139951603,0.01993166873511015,0.0201746540186432,0.0220098596296449,0.022365244481224802,0.03,0.02,0.0634026304274791,0.06594066067147114,0.029250932328209,0.0294507464112453,4.85722573273506e-16,4.718447854656915e-16,1.4710455076283324e-15,1.4710455076283324e-15,2.1371793224034263e-15,2.1371793224034263e-15,0.027945481444181,0.0279741595866666,0.0275209511995982,0.0279843624946064,0.0278606023621534,0.0277041172365538,0.0,0.0,0.0,0.0,0.0,0.0
anuranCalls,0.01,0.01,0.0074172379584327,0.0073988700772984,0.0262000000000001,0.0158485900323009,0.007361737552347,0.006455551143271799,0.0072114287366501,0.0047933177449951,0.0060465288399109,0.0063251977029691,0.0048462534745974,0.0050795118792276,0.005885697625467,0.0058037925049545,0.01,0.01,0.008934908194100349,0.009736386067623,0.0081911313950669,0.0077711416777855,3.6082248300317592e-16,3.6082248300317592e-16,1.3253287356462806e-15,1.214306433183765e-15,1.6653345369377348e-15,1.7208456881689926e-15,0.0074900063117981,0.0074258989257503,0.007344775254297,0.0073157574175629,0.007134907876833,0.0070610387572597,0.0,0.0,0.0,0.0,0.0,0.0
ArabicDigit,0.0099999999999999,0.0099999999999999,0.0054340622929091,0.0054912338736354,0.04270000000000005,0.0122017113383098,0.0074830349988219,0.005175912403722,0.01669915384705835,0.0039630140881678,0.0054089171142363,0.0054912338724972,0.0037962174769639,0.0036060645511433,0.0049668874172185,0.004537843165294099,0.01,2.775557561562892e-17,0.0033374007711095997,0.00073539785379475,0.0074208739141011,0.0075935257317951,3.6082248300317592e-16,3.6082248300317592e-16,1.3253287356462806e-15,1.3253287356462806e-15,1.7208456881689926e-15,1.7347234759768069e-15,0.0053077279832312,0.0056509164342096,0.0053918958379894,0.0053918958379894,0.0053077279832431,0.0053077279832512,0.0,0.0,0.0,0.0,0.0,0.0
balance.1,0.06,0.06,0.0339929733246584,0.0352074717208511,0.0823000000000001,0.0729154507675449,0.0275209576614473,0.0282074811138126,0.01916934705926645,0.01852215632462005,0.0372056266722815,0.0359806815408876,0.017967318564400002,0.0193133216655154,0.02480029742470745,0.02708228431300415,0.02,0.02,0.05289668878128065,0.055922623112224346,0.044444444443728,0.0375000000013197,9.506284648352905e-16,6.938893903907228e-16,1.5890067039947553e-15,1.5959455978986625e-15,2.248201624865942e-15,2.248201624865942e-15,0.0366838636419689,0.0402196802287802,0.0356964320779309,0.0374780806600242,0.0364256024544156,0.036229653743728,0.0,0.0,0.0,0.0,0.0,0.0
balance.3,0.06,0.06,0.0346434683399885,0.0377772682982747,0.0828000000000001,0.0731339617490762,0.026803392515239298,0.02871571954459675,0.0186419988638946,0.017972834912942902,0.037263587155037,0.0399338795378614,0.0177450294786613,0.0193520833691829,0.0239069194485028,0.0274883848045913,0.02,0.02,0.0535295240077091,0.057719254258319405,0.0353867336299471,0.0378568421795479,9.367506770274758e-16,6.938893903907228e-16,1.5820678100908479e-15,1.5820678100908479e-15,2.248201624865942e-15,2.248201624865942e-15,0.0329551518526229,0.0353850773157162,0.033967969883051,0.0350030731407392,0.0316562194627347,0.0340607210626181,0.0,0.0,0.0,0.0,0.0,0.0
balloon,0.01,0.0099999999999999,0.007700340324035,0.0070181572508605,0.0176,0.0104113886772729,0.0075002226416701,0.00672190710306605,0.0044054879648055,0.0036979840766590503,0.0069274116826233,0.0070377552551998,0.0044772856817866,0.00457251248750635,0.0065483870967741,0.0062037746461089,0.0199999999999999,0.01,0.00205399203290605,0.000557284344977,0.0099999999987522,0.0091361356614032,3.6082248300317592e-16,3.6082248300317592e-16,1.3253287356462806e-15,1.3253287356462806e-15,1.6930901125533637e-15,1.7347234759768069e-15,0.0078101071975538,0.0081626558932002,0.0076527308681844,0.007658735745451,0.0077865251152405,0.007345121800451,0.0,0.0,0.0,0.0,0.0,0.0
bank8FM,0.0399999999999999,0.0399999999999999,0.0167810392175633,0.016820959529349547,0.0703999999999999,0.0497508745000428,0.014689062103681951,0.014453453538726499,0.01784453545907395,0.0111464395352235,0.0165531102824178,0.0168000591104994,0.01140310581526815,0.0120245236469043,0.01343850140245325,0.014075644900328501,0.0199999999999999,0.01,0.029512750891809,0.0310304887369504,0.0181134120778023,0.0180638306688258,3.6082248300317592e-16,3.8857805861880484e-16,1.3253287356462806e-15,1.3322676295501878e-15,1.7347234759768069e-15,1.7347234759768069e-15,0.0170541867582529,0.016966989868174,0.0171934937745052,0.0168260038240993,0.016964190043497,0.0167172522217641,0.0,0.0,0.0,0.0,0.0,0.0
BNG,0.01,0.01,0.0070973438784998,0.0070343376230128,0.017,0.0143138896238623,0.0062480534221957505,0.00608428918587905,0.0048533802550975,0.0045687176116149,0.0061956644861833,0.0062750902466861,0.0049175324921919,0.0050653404945705995,0.0056037495085948,0.00566787944902735,0.01,0.01,0.00828654966111495,0.00871951710851435,0.00746242303920465,0.0074654102125769,3.469446951953614e-16,3.6082248300317592e-16,1.3114509478384662e-15,1.3253287356462806e-15,1.7208456881689926e-15,1.6930901125533637e-15,0.0069838732920216,0.0069246939532576,0.0068969104338021,0.0068969104338021,0.0068969104337865,0.0068969104337865,0.0,0.0,0.0,0.0,0.0,0.0
BNG_breast-w,0.01,0.01,0.0070973438784998,0.0070343376230128,0.017,0.0143138896238623,0.0062480534221957505,0.00608428918587905,0.0048533802550975,0.0045687176116149,0.0061956644861833,0.0062750902466861,0.0049175324921919,0.0050653404945705995,0.0056037495085948,0.00566787944902735,0.01,0.01,0.00828654966111495,0.00871951710851435,0.00746242303920465,0.0074654102125769,3.469446951953614e-16,3.6082248300317592e-16,1.3114509478384662e-15,1.3253287356462806e-15,1.7208456881689926e-15,1.6930901125533637e-15,0.0069838732920216,0.0069246939532576,0.0068969104338021,0.0068969104338021,0.0068969104337865,0.0068969104337865,0.0,0.0,0.0,0.0,0.0,0.0
breast-cancer,0.0199999999999999,0.0199999999999999,0.0136400090018208,0.0134658977928017,0.03864999999999995,0.03292281156599375,0.0139494115422584,0.013112384259138701,0.009920203078206399,0.0091210860125865,0.0128529852442703,0.0127006857364273,0.0113636759447641,0.010798954792234201,0.0117896788755514,0.0111456646644032,0.03,0.0299999999999999,0.01464471528336435,0.013182976323712,0.0170397801960163,0.0155780366206695,3.6082248300317592e-16,3.6082248300317592e-16,1.3253287356462806e-15,1.3322676295501878e-15,1.7208456881689926e-15,1.7347234759768069e-15,0.0136269139639872,0.0135985111533656,0.0133687391264456,0.0132188519766965,0.0138885783491698,0.0133687391264617,0.0,0.0,0.0,0.0,0.0,0.0
churn,0.13,0.1099999999999999,0.0261073855441393,0.0244879253469109,0.1579,0.11737687675879566,0.0241358411609284,0.022766481279225752,0.04026320267602915,0.02469758704653945,0.0290477853835749,0.024872715439189,0.0211817356875577,0.020813536501680448,0.02287547418041655,0.021862328794717,0.0599999999999999,0.05,0.086551049853238,0.09415464471968465,0.0285726185852727,0.0285538784865649,4.85722573273506e-16,4.85722573273506e-16,1.4988010832439613e-15,1.4710455076283324e-15,2.1926904736346838e-15,2.1371793224034263e-15,0.0285714285714353,0.0260396722345642,0.0278718647597437,0.0252421542037787,0.0285714285714256,0.0244315832988667,0.0,0.0,0.0,0.0,0.0,0.0
clean2,0.0,0.0,0.001699716713881,0.0001536491677337,0.0352,0.0084459714328314,0.00662059700682745,0.0026716170637926,0.016916692422567298,0.0020211399675903003,0.0052979649239301,0.0019325015599049,0.0033211547336271,0.002099369631051,0.0011565150346955,0.00028099785328295,0.02,0.01,1.3852694738109017e-05,1.38507191295989e-05,1.7555679132641444e-12,7.21561699279505e-13,3.6082248300317592e-16,3.6082248300317592e-16,1.3253287356462806e-15,1.214306433183765e-15,1.7347234759768069e-15,1.7277845820728999e-15,1.124100812432971e-15,7.771561172376097e-16,2.692290834716005e-15,2.6367796834847468e-15,1.7208456881689926e-15,1.609823385706477e-15,0.0,0.0,0.0,0.0,0.0,0.0
click-prediction,0.43,0.48,0.1357347146521764,0.1999999999999999,0.2850999999999999,0.3083679693612589,0.09468355778368075,0.09361682999643339,0.0956078427081728,0.08607545984570364,0.0999999999999999,0.0999999999999999,0.09169008055870286,0.0893872758903117,0.0999999999999999,0.14313863547803254,0.1399999999999999,0.0999999999999999,0.4058339061023746,0.4118844087109464,0.1490357388545097,0.22689912647586075,0.1497000173324622,0.1997258225236488,0.1498235655830553,0.1998981116928858,0.1498774339254852,0.1998687410728525,0.1470588235294402,0.1999999999999999,0.1458904109587398,0.1999999999999999,0.1452267303098524,0.1999999999999999,0.1,0.1999999999999999,0.1,0.1999999999999999,0.1,0.1999999999999999
cmc.1,0.18,0.1999999999999999,0.0959557669275223,0.0961107759802578,0.2095281547619047,0.22214468778383917,0.07482737817955765,0.0736417883714619,0.08410530244503725,0.06751693186543865,0.0999999999999998,0.0999999999999998,0.06682580990079864,0.06820230008537315,0.07263145664525185,0.0744223434282367,0.0799999999999999,0.0999999999999999,0.15856528676856466,0.1629462679316232,0.0965420251977396,0.087608226182854,0.0999999999999999,0.0999999999999999,0.0999999999999999,0.0999999999999999,0.0999999999999999,0.0999999999999999,0.0999999999999999,0.0999999999999999,0.0967630950709212,0.0969874646178775,0.0969119579500659,0.0986114855756477,0.0999999999999999,0.0999999999999999,0.0999999999999999,0.0999999999999999,0.0999999999999999,0.0999999999999999
cmc.2,0.3099999999999999,0.47,0.1377311106300063,0.3,0.22852928571428574,0.2529461149521476,0.0999999999999999,0.0999999999999999,0.12355754170842076,0.0990972761659874,0.112280254445067,0.1349060678355887,0.0999554476059523,0.0999554476059523,0.10384356536811601,0.1999999999999999,0.25,0.12,0.2526159717166683,0.22529508952910565,0.1421106019587461,0.2008046052340603,0.1399999999999996,0.2999397082337124,0.1280000000000007,0.2999193453259341,0.1100000000000009,0.2502392378495622,0.1393083756345667,0.3,0.1417500000000996,0.3,0.140024834436988,0.2862068965514658,0.1,0.3,0.1,0.3,0.1,0.3
cmc.3,0.2299999999999999,0.4,0.1591135879834483,0.3,0.23658077380952391,0.2423621119341557,0.11309418543837615,0.1050066553182924,0.13569448743259532,0.09920639369863285,0.1408847388096267,0.1478625350542103,0.1076387591417697,0.1064108441930676,0.117424164416644,0.1999999999999999,0.14,0.12,0.20762567829188644,0.19046535768508474,0.1569353798990256,0.1999999999999984,0.1999999999999996,0.3,0.1999999999999984,0.29994571059784,0.199999999999996,0.3,0.1612246387389007,0.3,0.1641453831041374,0.3,0.1634299516908189,0.3,0.1999999999999999,0.3,0.1999999999999999,0.3,0.1999999999999999,0.3
cmc,0.1899999999999999,0.21,0.0999999999999999,0.100699472327893,0.20912674603174605,0.2239427438164276,0.0863454666687168,0.08166252134293381,0.08890160217021155,0.07098632815330055,0.0999999999999999,0.1036896156152513,0.0743485868950984,0.07675383525479215,0.08305592434041406,0.07768640661215355,0.08,0.0999999999999999,0.16000227307909654,0.1688488175597119,0.0999999999999999,0.0999999999999999,0.0999999999999999,0.1,0.0999999999999999,0.0999999999999999,0.0999999999999999,0.1,0.0999999999999999,0.1031192660550253,0.0999999999999999,0.0999999999999999,0.0999999999999999,0.100000000000021,0.0999999999999999,0.0999999999999999,0.0999999999999999,0.0999999999999999,0.0999999999999999,0.1
covtype_reduced,0.0999999999999999,0.0999999999999999,0.036448359586173804,0.0364369526371931,0.1574,0.14023025740384637,0.031421970140469296,0.03118963757695735,0.034941478381267654,0.0275539175638056,0.0365715130846594,0.0367154711566743,0.02777835800356445,0.0279379498076357,0.0302461542635415,0.03009871213692595,0.0399999999999999,0.03,0.0868088276304442,0.08970383236562554,0.0405981509711796,0.0417594372552392,6.938893903907228e-16,7.632783294297951e-16,1.5959455978986625e-15,1.5959455978986625e-15,2.3037127760972002e-15,2.3037127760972002e-15,0.0369096598779166,0.03742349169338555,0.036883693460147,0.0366455409687642,0.0367135135135308,0.0367853043645903,0.0,0.0,0.0,0.0,0.0,0.0
cpu_act,0.05,0.05,0.0195070535885814,0.0191501630874108,0.0718999999999998,0.06196033687238375,0.01623197461608105,0.016124426380552948,0.01366925519777395,0.012510356015465799,0.0183098072451101,0.0185078874971009,0.013187274645584151,0.013485957114673802,0.01527855689011595,0.01563092735857305,0.02,0.02,0.03914155782406155,0.04110605256620245,0.0202061431011413,0.0204205363238038,3.8857805861880484e-16,3.8857805861880484e-16,1.4155343563970746e-15,1.4432899320127037e-15,1.7347234759768069e-15,1.7347234759768069e-15,0.0199341021416924,0.0198218483236309,0.019619146623834,0.0198369759515372,0.0195127828245776,0.0196754860401286,0.0,0.0,0.0,0.0,0.0,0.0
ctg.1,0.06,0.05,0.0209840415154707,0.0206246248572036,0.07880000000000005,0.061224305244738805,0.0178279663880302,0.01704242427206125,0.016272539467822103,0.01192269226239585,0.0182066784968109,0.0187929102312465,0.0130145983507899,0.0136930398586699,0.016376539821298552,0.0165110901772716,0.04,0.0399999999999999,0.0443679439162601,0.04725522036744025,0.0250000000004092,0.0249999999986041,4.163336342344337e-16,4.163336342344337e-16,1.457167719820518e-15,1.4363510381087965e-15,1.8041124150158798e-15,1.7347234759768069e-15,0.0230665899059678,0.0219804169499495,0.0226784072423999,0.0211795433874901,0.0225667037602513,0.0216234515270981,0.0,0.0,0.0,0.0,0.0,0.0
ctg.2,0.13,0.1099999999999999,0.0341525433479456,0.0314794098402178,0.15327499999999994,0.12762431380044545,0.0251321078701073,0.0253977398196277,0.020289549070347197,0.01874042215913455,0.0256402678694955,0.0252852952752735,0.02198411386238875,0.0217872122691883,0.0246137564114923,0.0247565808935578,0.09,0.09,0.08723142243192165,0.08836257665225125,0.035893447922114,0.041177712065905,1.061650767297806e-15,9.298117831235686e-16,1.5959455978986625e-15,1.5820678100908479e-15,4.211908599671688e-15,2.248201624865942e-15,0.0364097805409949,0.0352606213163,0.0376014747066619,0.0304394111816778,0.0360948348023123,0.0321697964336522,0.0,0.0,0.0,0.0,0.0,0.0
ctg.3,0.04,0.04,0.0182599091913118,0.0175997179693795,0.0860999999999999,0.06302848673419381,0.0156258773167772,0.0158281872796269,0.0117916794852046,0.00915071397357355,0.0143102182699434,0.0147481259493191,0.01540245029610295,0.01551294348296575,0.0143489707994255,0.0151498939564743,0.0799999999999999,0.0699999999999999,0.029681591467457948,0.0303150653485811,0.0235747873195822,0.0222222222214045,4.163336342344337e-16,4.163336342344337e-16,1.4363510381087965e-15,1.4363510381087965e-15,1.7347234759768069e-15,1.7347234759768069e-15,0.0199058264576677,0.0221059318188653,0.0193263763316894,0.0199138699138693,0.0207411071266531,0.018589289475194,0.0,0.0,0.0,0.0,0.0,0.0
default_credit_card_clients,0.28,0.32,0.0700263574309225,0.0778657404591295,0.2101333333333332,0.22532401821289988,0.0573417355448219,0.0579977486019817,0.05966091717621455,0.0545997675629577,0.0710911089053082,0.0724876675172303,0.0559899890318795,0.0563395442498998,0.0603423531529576,0.06410224142652055,0.0999999999999999,0.0999999999999999,0.2513717533125974,0.25632259299210164,0.0714355771719461,0.0755211938570244,0.0999999999999997,0.0999999999999997,0.099999999999999,0.0999999999999993,0.0999999999999989,0.0999999999999998,0.0701575262543655,0.0779061009289325,0.0698616094310998,0.0775135869565147,0.069719326383371,0.0777131292689871,0.0999999999999999,0.0999999999999999,0.0999999999999999,0.0999999999999999,0.0999999999999999,0.0999999999999999
delta_ailerons,0.03,0.03,0.0159257394093821,0.0158490859599073,0.0517999999999999,0.050860797395244,0.0145942322211809,0.014589725539212652,0.01379886540102255,0.0138487302401991,0.0160526186175329,0.015959142795435,0.0134326868059539,0.0134391328587381,0.01434399579935355,0.0142990498779594,0.0199999999999999,0.0199999999999999,0.0295531375638136,0.029612269273276398,0.0159289953177871,0.0167513603987361,3.6082248300317592e-16,3.6082248300317592e-16,1.3253287356462806e-15,1.3253287356462806e-15,1.7347234759768069e-15,1.7347234759768069e-15,0.0158500093510401,0.0160972299832375,0.0159040706847523,0.0160222283496234,0.015816984898426797,0.015850009351058,0.0,0.0,0.0,0.0,0.0,0.0
eeg,0.04,0.04,0.0189387024539923,0.0185816781815789,0.11915,0.0649742426785817,0.0181423313230347,0.016254649118377297,0.0472391219293638,0.012944326451039101,0.018755509920548148,0.0186082114073334,0.01325310968724345,0.0133947217303686,0.0160015883947478,0.01554568596399485,0.03,0.0199999999999999,0.031534174409574206,0.0399161154699268,0.0231409215716203,0.0223354301112001,3.8857805861880484e-16,3.6082248300317592e-16,1.4224732503009818e-15,1.4363510381087965e-15,1.7347234759768069e-15,1.7347234759768069e-15,0.0193206675350808,0.0188850705452404,0.0195606041692697,0.0189936832933846,0.0193034764319601,0.0188690132717228,0.0,0.0,0.0,0.0,0.0,0.0
electricity-normalized,0.0599999999999999,0.05,0.0219253420766362,0.0221342519593274,0.1012999999999999,0.08182416754159764,0.01941174691673115,0.01904012200835275,0.0215998948408865,0.01547633307766,0.0220115379173506,0.0218704658478742,0.015994729968881648,0.01622355244140065,0.01815579131278815,0.018353888692035247,0.0299999999999999,0.02,0.047455226228837896,0.0501373948518523,0.0255615218139183,0.0254132212024449,4.163336342344337e-16,4.163336342344337e-16,1.4432899320127037e-15,1.4432899320127037e-15,1.7347234759768069e-15,1.7347234759768069e-15,0.0225842696629298,0.0227021195141458,0.02230348712235245,0.0225284821756548,0.0224528607267454,0.0226455844709407,0.0,0.0,0.0,0.0,0.0,0.0
elevators,0.15,0.13,0.0341611015897406,0.0342858706708204,0.14879999999999985,0.1338823601815607,0.0291993204291292,0.028656070611635,0.03072666463149725,0.02505583058422895,0.0345411403404582,0.0345193303369079,0.02547258086278085,0.025340989018269547,0.0282277678108798,0.02813167245282755,0.0499999999999999,0.0399999999999999,0.1173178100356562,0.12252397632742021,0.0339717746684013,0.0369501818243472,6.938893903907228e-16,6.938893903907228e-16,1.5820678100908479e-15,1.5820678100908479e-15,2.3037127760972002e-15,2.248201624865942e-15,0.033758610274019454,0.0345141970677518,0.0333333333333453,0.0337628643085473,0.0333333333333369,0.0333333333333577,0.0,0.0,0.0,0.0,0.0,0.0
file22f0e4a679,0.01,0.01,0.0098693786626501,0.0096135358584887,0.0490000000000001,0.0201079020975494,0.0112393637392194,0.00902318403502855,0.016910170813375848,0.0068555614131023,0.0098102931052721,0.0096781431226017,0.0069810312068144,0.0071302756542089,0.00842708922253165,0.0081613084111388,0.01,0.01,0.00969601591111975,0.00999011461544905,0.0124039256985827,0.0118066047227341,3.6082248300317592e-16,3.6082248300317592e-16,1.214306433183765e-15,1.214306433183765e-15,1.7347234759768069e-15,1.7347234759768069e-15,0.0104389624523849,0.010438961642224,0.0097440336342575,0.00975309675882215,0.0091215411943627,0.0098593200468898,0.0,0.0,0.0,0.0,0.0,0.0
file79b563a1a18,0.13,0.12,0.0365930599369084,0.037160883280757,0.1532,0.146418912509226,0.03295276901715445,0.0329827820929798,0.030653008790042652,0.0297836441945684,0.036357916161175,0.0371608838437813,0.02994218976374275,0.0299628784012442,0.03164315932752085,0.0314776632302405,0.03,0.03,0.1107156932667541,0.1194040848353153,0.038609687538485454,0.0387234196254624,9.506284648352905e-16,1.0477729794899917e-15,1.5959455978986625e-15,1.5959455978986625e-15,4.170275236248244e-15,4.211908599671688e-15,0.036447876447872,0.0386887519889179,0.0371435038479253,0.0388461538461741,0.0368648648648615,0.0377551020408373,0.0,0.0,0.0,0.0,0.0,0.0
file7b5365fa741c,0.14,0.15,0.04412986176682865,0.046233807875383504,0.1507,0.1544908537729098,0.034159164277475895,0.03467154994695345,0.0287692547061819,0.028872133696454298,0.0372298130378721,0.0378931377129359,0.029961621902351097,0.0299976415666778,0.0338785249747025,0.034500658046887095,0.0699999999999999,0.0699999999999999,0.12023631949333174,0.11946059151309779,0.048178929960207,0.0516990822517937,1.1171619185290638e-15,1.186550857568136e-15,1.5959455978986625e-15,1.5959455978986625e-15,4.225786387479502e-15,4.281297538710761e-15,0.0449952461440954,0.04837740915796415,0.0464306215101952,0.0473916080159247,0.0440730790708943,0.0456879606814464,0.0,0.0,0.0,0.0,0.0,0.0
fried,0.0499999999999999,0.0499999999999999,0.0194741952877344,0.0196487036887749,0.09019999999999995,0.065762765956461,0.0167764773277779,0.0163131618819489,0.0215469158409692,0.012650452788017099,0.0196152123978204,0.0194926289430602,0.01288548390509725,0.0134299022813258,0.01517402211846625,0.01562854717193075,0.02,0.0199999999999999,0.036695935554691445,0.0407191082140653,0.0202207374219539,0.0207787011102744,4.163336342344337e-16,3.8857805861880484e-16,1.3877787807814457e-15,1.4363510381087965e-15,1.7347234759768069e-15,1.7347234759768069e-15,0.0195107296137366,0.0197015900675239,0.0194603999332385,0.0197015900675441,0.0196486879423526,0.0197015900675857,0.0,0.0,0.0,0.0,0.0,0.0
fri_c2_1000_10,0.0599999999999999,0.0599999999999999,0.0277343873517786,0.0289047981721249,0.114,0.0792699897309001,0.024536405019814397,0.02399573757165045,0.0360565449898625,0.01755226179465975,0.0292397918578814,0.029103669828556,0.0176115463293076,0.0181530393735745,0.0215980214344599,0.022682961489271,0.0299999999999999,0.02,0.0466432947609076,0.050444676598817004,0.0317494552157218,0.0333333222475245,4.85722573273506e-16,6.245004513516507e-16,1.4988010832439613e-15,1.5820678100908479e-15,2.1926904736346838e-15,2.1926904736346838e-15,0.0307191384578799,0.0301647734365269,0.0294868368301526,0.0281537008955148,0.0277096897740495,0.0284394941726837,0.0,0.0,0.0,0.0,0.0,0.0
german,0.25,0.25,0.09536126599805395,0.0975609756097559,0.2265,0.22146726114979634,0.071336967844449,0.0734681908301157,0.06901838531862581,0.06733921668252035,0.08774795523266335,0.0916537767610825,0.0672171711306729,0.07027559303640754,0.0780128691898805,0.07717496425868309,0.0899999999999999,0.0999999999999999,0.1899984932472616,0.19686959009775906,0.0999999999999999,0.0999999999999999,0.0999999999999999,0.0999999999999999,0.0999999999999999,0.0999999999999999,0.0999999999999999,0.0999999999999999,0.0999999999999999,0.0999999999999999,0.0999999999999999,0.0999999999999999,0.0976001476832007,0.0998664292074906,0.0999999999999999,0.0999999999999999,0.0999999999999999,0.0999999999999999,0.0999999999999999,0.0999999999999999
gina_agnostic,0.0399999999999999,0.0399999999999999,0.0179907313008411,0.018184106560566,0.1150000000000001,0.060941792388881755,0.0181646230142282,0.01590894233858785,0.04714846489008835,0.01283475562083765,0.0179485532260939,0.0179731840995363,0.01310349154894055,0.0132502375450088,0.0154553104654299,0.015041978279947701,0.0299999999999999,0.0199999999999999,0.0272143857360321,0.03379537810622655,0.0226009727340793,0.0220402038403151,4.163336342344337e-16,3.6082248300317592e-16,1.3877787807814457e-15,1.4363510381087965e-15,1.7347234759768069e-15,1.7347234759768069e-15,0.0187002252199896,0.0182490996663146,0.0183030949839982,0.0184894686840887,0.018312138728258,0.0185880920034837,0.0,0.0,0.0,0.0,0.0,0.0
houses,0.01,0.01,0.0080501207858771,0.0081153496909373,0.0218000000000001,0.0152372881151425,0.0070103766848654495,0.0068670227968314,0.00643755019442515,0.00507234496539135,0.0077085831738193,0.0075793386795934,0.005471738277996701,0.00577631501108865,0.00652536889138855,0.006677574045343051,0.01,0.0099999999999999,0.00991815161580375,0.009971943915236349,0.0082342830379155,0.0082941332248034,3.6082248300317592e-16,3.6082248300317592e-16,1.3253287356462806e-15,1.214306433183765e-15,1.6930901125533637e-15,1.7208456881689926e-15,0.0079262948821293,0.0079048241507845,0.0075553357240237,0.0078960038516885,0.0075553357239867,0.0075553357239867,0.0,0.0,0.0,0.0,0.0,0.0
HTRU,0.0699999999999999,0.07,0.0169651284014487,0.0171093784673317,0.0783,0.0834996254416771,0.01562449277582095,0.015800016378275848,0.01581116340240135,0.0174777959047962,0.0165566021997403,0.0161976802281459,0.0142947948430018,0.014433432310024051,0.015468031766982849,0.01563062321782,0.03,0.03,0.06000820395155875,0.0600104849986921,0.018359882341144,0.0184453404510095,4.163336342344337e-16,3.8857805861880484e-16,1.4155343563970746e-15,1.4432899320127037e-15,1.7347234759768069e-15,1.7347234759768069e-15,0.0177059294634096,0.018097054168082702,0.0172667581281758,0.0182155739444397,0.0173176055356129,0.0175085481989069,0.0,0.0,0.0,0.0,0.0,0.0
jm1-processed,0.36,0.4399999999999999,0.0999999999999999,0.1257400509703979,0.24747906962269034,0.2698784003900486,0.0697133607890069,0.07028442092804404,0.07856570624201051,0.07253906381316585,0.0843070245317496,0.0863887212039515,0.06934124438049866,0.067697015092422,0.0787174094913977,0.0994867451511805,0.12,0.09,0.29631740671131757,0.3146620325859067,0.1048807368482154,0.1552274034491658,0.0999999999999999,0.1496835450542202,0.0999999999999999,0.1497854181250115,0.0999999999999999,0.1000000000000038,0.0999999999999999,0.1288050937685026,0.0999999999999999,0.1287119856886109,0.0999999999999999,0.1264705882355485,0.0999999999999999,0.1,0.0999999999999999,0.1,0.0999999999999999,0.1
kdd_JapaneseVowels,0.02,0.0199999999999999,0.0110808226548141,0.0097150488820454,0.055300000000000155,0.026965866086686198,0.0093984900038524,0.0080276882817365,0.01398450009197625,0.005080962810578,0.007944584436004,0.0076644420143399,0.00558228314093505,0.0055634535579308,0.0077626336941166,0.0073780748146725,0.0299999999999999,0.0199999999999999,0.0149831749597229,0.019166869432363003,0.011540935978436,0.0105263157897773,3.6082248300317592e-16,3.6082248300317592e-16,1.3253287356462806e-15,1.3253287356462806e-15,1.7347234759768069e-15,1.6930901125533637e-15,0.0111111111111186,0.0090294920098761,0.0110950179369567,0.009047466746936,0.0109096255636376,0.0088621726854886,0.0,0.0,0.0,0.0,0.0,0.0
kin8nm,0.09,0.09,0.0344161607578508,0.0344324563864272,0.1603999999999998,0.1255576959320887,0.028463976010100547,0.028188563343922397,0.0495683085422263,0.02290068362354255,0.0344164805423093,0.0350186663914577,0.023489374879338352,0.0236180161569212,0.026819663406012,0.02732281613127975,0.0399999999999999,0.03,0.078984881471764,0.0841960929700226,0.0387522119108862,0.0389612980778239,6.245004513516507e-16,6.938893903907228e-16,1.5820678100908479e-15,1.5820678100908479e-15,2.248201624865942e-15,2.248201624865942e-15,0.0350421639555637,0.034930569137506,0.0342871655943241,0.034920026082611,0.0349012321533109,0.0347290640393752,0.0,0.0,0.0,0.0,0.0,0.0
letter-recognition,0.05,0.0299999999999999,0.0141945121951219,0.0112506913757143,0.0616000000000001,0.033021131936405046,0.01165219796405395,0.00942815920950775,0.02320799117162555,0.0071894452731593,0.0097354817654492,0.0091956735885549,0.0068810449282833,0.00665944518245,0.0106848981048898,0.009017299638891349,0.0299999999999999,0.0199999999999999,0.0300067716803568,0.0300133965371839,0.0163669724947873,0.01111111111253555,3.8857805861880484e-16,3.6082248300317592e-16,1.3808398868775384e-15,1.3114509478384662e-15,1.7347234759768069e-15,1.7208456881689926e-15,0.0154845088991347,0.0111794464834845,0.0149719775820718,0.0118100625762745,0.015418709230728,0.011549452670952101,0.0,0.0,0.0,0.0,0.0,0.0
magic,0.0899999999999999,0.0899999999999999,0.028417887374381,0.0277794364620021,0.1185999999999999,0.10970031580329,0.02410997339381875,0.02405187332473415,0.022301910621185098,0.021057600907733502,0.0282018003802489,0.027989490974969,0.02138494839917815,0.0215501740697345,0.02359562565396485,0.0237180135730694,0.03,0.0299999999999999,0.07408974634968696,0.0768851105401654,0.0285714285806996,0.0285714285998082,4.85722573273506e-16,4.85722573273506e-16,1.4710455076283324e-15,1.4710455076283324e-15,2.1371793224034263e-15,2.1371793224034263e-15,0.0285714285714297,0.028571428571428,0.0285714285714279,0.0285714285714292,0.0285714285714151,0.0285714285714146,0.0,0.0,0.0,0.0,0.0,0.0
MagicTelescope,0.0899999999999999,0.0899999999999999,0.028417887374381,0.0277794364620021,0.1185999999999999,0.10970031580329,0.02410997339381875,0.02405187332473415,0.022301910621185098,0.021057600907733502,0.0282018003802489,0.027989490974969,0.02138494839917815,0.0215501740697345,0.02359562565396485,0.0237180135730694,0.03,0.0299999999999999,0.07408974634968696,0.0768851105401654,0.0285714285806996,0.0285714285998082,4.85722573273506e-16,4.85722573273506e-16,1.4710455076283324e-15,1.4710455076283324e-15,2.1371793224034263e-15,2.1371793224034263e-15,0.0285714285714297,0.028571428571428,0.0285714285714279,0.0285714285714292,0.0285714285714151,0.0285714285714146,0.0,0.0,0.0,0.0,0.0,0.0
mammographic,0.1099999999999999,0.12,0.0616363823438625,0.0949367088607594,0.13133282287157283,0.15496846369615974,0.0511943570762724,0.0522238426653423,0.05955512348190895,0.04945290368252355,0.0626886118498934,0.0921918331554873,0.0483132100883079,0.056100075815957995,0.051518752397129705,0.04996674042549765,0.05,0.0999999999999999,0.08108486610563426,0.0764724243986476,0.0610315782662416,0.0613198732470983,0.0999999999999995,0.0999999999999999,0.0999999999999984,0.0999999999999999,0.0999999999999961,0.0999999999999999,0.0618350606611284,0.0931084337349429,0.0612829534712875,0.0967580793149198,0.0572235613136502,0.0822173148182839,0.0999999999999999,0.0999999999999999,0.0999999999999999,0.0999999999999999,0.0999999999999999,0.0999999999999999
mozilla,0.0599999999999999,0.0599999999999999,0.0158097910183025,0.0159552972575379,0.0483,0.04712074324581725,0.0138777885528796,0.013851668778393899,0.01210931185850225,0.01199245417758745,0.0160233520368054,0.0160527885793216,0.012141471428328051,0.0121900276960997,0.01405327151146745,0.0140602585557112,0.01,0.01,0.0473193359761053,0.048188096166998304,0.0165662096000798,0.0167351033887003,3.8857805861880484e-16,3.6082248300317592e-16,1.3808398868775384e-15,1.4224732503009818e-15,1.7347234759768069e-15,1.7347234759768069e-15,0.0158731860747563,0.0157038325165314,0.0158186540198685,0.0160084736313872,0.0155767198147083,0.0159803899520833,0.0,0.0,0.0,0.0,0.0,0.0
namao,0.02,0.02,0.0127003282670438,0.0125518216866285,0.0430999999999999,0.034927845311055306,0.0108187204116674,0.01050009467076735,0.0092729860104674,0.0082901869160043,0.0115817159097005,0.0116275668594836,0.0088044167015346,0.008992808839138,0.010017216384943,0.010128971504136199,0.0199999999999999,0.01,0.0196960211480376,0.0199662426853192,0.012712163274244,0.0128246062541773,3.469446951953614e-16,3.6082248300317592e-16,1.214306433183765e-15,1.3253287356462806e-15,1.7208456881689926e-15,1.7347234759768069e-15,0.0124229617890445,0.0124652338811628,0.0124146124146212,0.0125694374305672,0.0124146124146051,0.0124229617890332,0.0,0.0,0.0,0.0,0.0,0.0
occupancy,0.0099999999999999,0.0099999999999999,0.00494797938144235,0.0049108257274452,0.0098,0.00989939020032825,0.00455470323060155,0.0045626772455607,0.00269840365176005,0.00278630487465885,0.00428047442159605,0.0043508300350793,0.0029978802162463,0.0030520543578415,0.004108064762914,0.0040693262665515,0.01,0.01,0.0004888893004999001,0.00054720074512765,0.0060911314005857,0.0065296737765977,3.6082248300317592e-16,3.6082248300317592e-16,1.214306433183765e-15,1.214306433183765e-15,1.6653345369377348e-15,1.7347234759768069e-15,0.0048860298538266,0.0049605411499418,0.0049605411499499,0.0049466144073723,0.0049648997863569,0.0049466144073681,0.0,0.0,0.0,0.0,0.0,0.0
page-blocks,0.05,0.05,0.0189482143500666,0.0183988841043862,0.0835215782828283,0.0800452041394408,0.015428911809726751,0.01522684587123475,0.009990054735011949,0.00998196613609185,0.012648748148506,0.0124651607205995,0.011425817233946,0.01160165370087075,0.0143215646589672,0.0139460724108496,0.05,0.05,0.032006296507003096,0.0315954869361697,0.021707535402327,0.0205809587849851,4.163336342344337e-16,3.8857805861880484e-16,1.4363510381087965e-15,1.4155343563970746e-15,1.7347234759768069e-15,1.7347234759768069e-15,0.019572282448117,0.0183119827198965,0.0187748571165427,0.0181842456608628,0.0192485168094991,0.0185771144278528,0.0,0.0,0.0,0.0,0.0,0.0
pendigits,0.0099999999999999,0.0099999999999999,0.0058906154580702,0.0055846918686957,0.03800000000000015,0.01999999181770455,0.0067754436686082,0.0056317645022998,0.0069773109423732,0.0029805694777687002,0.0058754787068115,0.004498723811342,0.0037276482085322,0.0032922929452972,0.0042706736614112,0.0042268316211825,0.02,0.02,0.0011258524847946498,0.0004894474040053501,0.0074558506050192,0.007087980804650699,3.469446951953614e-16,3.6082248300317592e-16,1.214306433183765e-15,1.214306433183765e-15,1.7208456881689926e-15,1.7347234759768069e-15,0.0059826327960363,0.0059840312579613,0.0060973503299076,0.0060107931092101,0.0057578279413311,0.0055465066437849,0.0,0.0,0.0,0.0,0.0,0.0
phoneme,0.0699999999999999,0.0699999999999999,0.027717282988012598,0.0278922301574914,0.1094,0.09616235958143846,0.0228387184512173,0.0230781812368752,0.02024297874813355,0.0186408844623257,0.024679337836068,0.0246139897861843,0.01910618834005345,0.0195277913031629,0.021549084965057648,0.0220313119258044,0.0399999999999999,0.0399999999999999,0.05614796708314605,0.0586370055034435,0.0303922214475584,0.030926890473022,4.85722573273506e-16,4.85722573273506e-16,1.4710455076283324e-15,1.4710455076283324e-15,2.1926904736346838e-15,2.1926904736346838e-15,0.0281197010613553,0.0292344395437741,0.0285714285714311,0.0282288407024312,0.028029355968495248,0.0284293562887444,0.0,0.0,0.0,0.0,0.0,0.0
php50jXam,0.0,0.0,0.0049597478154873,0.0051129357004165,0.0146000000000001,0.0072445464821685,0.0055243229222925495,0.00482598871318715,0.00506628492297495,0.00264072797222935,0.0045190039729002,0.0045959622891639,0.0034279152384798,0.0034751918936283,0.004033107047754151,0.0041016511217544,0.0099999999999999,2.775557561562892e-17,0.00013389005877765,3.211333662769822e-05,0.0074154453607185,0.0067443761635037,3.6082248300317592e-16,3.6082248300317592e-16,1.214306433183765e-15,1.214306433183765e-15,1.7347234759768069e-15,1.6653345369377348e-15,0.0044461333840039,0.0049824425813597,0.0046080013590435,0.0041658966044403,0.0041007913656622,0.0041658966044414,0.0,0.0,0.0,0.0,0.0,0.0
phpGUrE90,0.09,0.09,0.0369340995053826,0.0390197444022704,0.1304000000000001,0.12118683442142615,0.0320270106204362,0.03168205750291775,0.030237314413460552,0.027276922714163,0.0351707631043976,0.0348105341723141,0.02775159783058765,0.02798333974032375,0.03073290592630475,0.0308062607480381,0.0499999999999999,0.0499999999999999,0.0794820328191634,0.082038290482879,0.0461492820872649,0.0428571428569246,1.061650767297806e-15,1.1171619185290638e-15,1.5959455978986625e-15,1.5959455978986625e-15,4.1563974484404306e-15,4.211908599671688e-15,0.0420048528543895,0.0427895891654591,0.0406432426478667,0.0405149507248203,0.0387019416724974,0.039439042779179145,0.0,0.0,0.0,0.0,0.0,0.0
phphQEck0,0.0,0.0,0.0001883663798918,0.0001954046462106,0.0011,0.00145412834973705,0.0008231089175447,0.0008992919601886,0.0002844669408719,0.00033466817182885,0.0006045595268399,0.0005446773491352,0.001320856311093,0.0013654087051407,0.0001905657543867,0.0001926505941488,0.0,0.0,1.3951726567304479e-05,1.3944523496872696e-05,6.17436657357473e-13,6.603606550470431e-13,3.6082248300317592e-16,3.6082248300317592e-16,1.2177758801357186e-15,1.214306433183765e-15,1.6653345369377348e-15,1.6653345369377348e-15,7.771561172376097e-16,7.771561172376097e-16,2.6367796834847468e-15,2.6367796834847468e-15,1.609823385706477e-15,1.609823385706477e-15,0.0,0.0,0.0,0.0,0.0,0.0
phplE7q6h,0.04,0.04,0.0188981360764645,0.018904128126099,0.1185999999999999,0.06523599688987661,0.0181608350369332,0.016167506144545297,0.04678735088309735,0.01295143364669575,0.0187450235913967,0.0187184846285238,0.0131473160373571,0.01352638527577295,0.015810854963983947,0.015371775974929,0.03,0.0199999999999999,0.03173692300098515,0.039967719344343955,0.0226943798923764,0.0225179696763164,3.8857805861880484e-16,3.8857805861880484e-16,1.4224732503009818e-15,1.4363510381087965e-15,1.7347234759768069e-15,1.7347234759768069e-15,0.0190922048559782,0.0190078679715923,0.0190040376850579,0.0190040376850536,0.0190030697267156,0.0192670056142883,0.0,0.0,0.0,0.0,0.0,0.0
phpMD2hR6,0.0099999999999999,0.0099999999999999,0.0057824033485868,0.0060411510937543,0.0122999999999998,0.0097919414496944,0.00530693538573305,0.005155816776432049,0.00412132458651815,0.0037261922711771,0.0057824060106104,0.0060113001964382,0.00402872528340005,0.0041602162193791,0.0048491883061881,0.004953671096689,2.775557561562892e-17,2.775557561562892e-17,0.0042446050523116,0.0038915551992657,0.0061228829870162,0.0061819968389741,3.6082248300317592e-16,3.6082248300317592e-16,1.214306433183765e-15,1.2212453270876722e-15,1.6653345369377348e-15,1.7347234759768069e-15,0.0057761732851961,0.0056869709142927,0.0056869709142874,0.0057761732852078,0.0053918958379684,0.0057761732851936,0.0,0.0,0.0,0.0,0.0,0.0
phpmPOD5A,0.31,0.38,0.0624899737113158,0.0894445093247097,0.301,0.34078170562025756,0.047604833256423854,0.04879623291022375,0.06662911549349465,0.07742632204987504,0.04767607973907,0.04801648486941,0.041429994804162956,0.0409271781982251,0.05129248581688125,0.05494192775081145,0.13,0.12,0.2846736491299925,0.2780646843012464,0.0666711559455573,0.0999501060209917,0.0999999999999997,0.0999999999999999,0.09999999999999934,0.0999999999999999,0.099999999999999,0.0999999999999999,0.0719895287958078,0.0999999999999999,0.07401197853159355,0.0999999999999999,0.0701691896705312,0.0999999999999999,0.0999999999999999,0.1,0.0999999999999999,0.0999999999999999,0.0999999999999999,0.0999999999999999
phpWfYmlu,0.03,0.0299999999999999,0.0151362866069346,0.0132182730591601,0.0799000000000001,0.04078634105141795,0.01361862613354,0.01210900688663125,0.024890208920703802,0.010063935234739599,0.0142278917252377,0.0134864611907342,0.0101127288154302,0.0101667018675759,0.012024395585205301,0.0116502523197754,0.02,0.01,0.02382160175095505,0.02860835975237195,0.0137048096025058,0.0129701404901747,3.6082248300317592e-16,3.6082248300317592e-16,1.3808398868775384e-15,1.214306433183765e-15,1.7347234759768069e-15,1.7208456881689926e-15,0.0138042131350707,0.0130431928227805,0.0130966568399861,0.0129594337054094,0.0132504207967263,0.0123222081396919,0.0,0.0,0.0,0.0,0.0,0.0
phpwRjVjk,0.06,0.06,0.0246772691809243,0.0246956413169503,0.07649999999999985,0.08203288612208315,0.020875994490083802,0.02099325100650505,0.01910922251334645,0.0177066486648377,0.0249550416075393,0.0253306034979004,0.0181996114721017,0.0179223292045467,0.0205419554756658,0.0202993566685451,0.02,0.02,0.0546404988098302,0.05309163296554825,0.025000000000901,0.0250000000003491,4.85722573273506e-16,4.440892098500626e-16,1.4710455076283324e-15,1.457167719820518e-15,2.0816681711721685e-15,2.1371793224034263e-15,0.025004709238183,0.0252878048780521,0.0249999999999937,0.0250000000000082,0.0249822607936482,0.0249999999999959,0.0,0.0,0.0,0.0,0.0,0.0
phpxijhaP,0.0199999999999999,0.0199999999999999,0.0110483335000107,0.0110483335000107,0.0924999999999999,0.031076667840984902,0.013058806984800851,0.00995969675851055,0.0409961361932238,0.00813993856947195,0.0110462536500493,0.0110462536500493,0.008108445216224901,0.0081417732463498,0.00987568574498365,0.0091380148328896,0.0299999999999999,0.01,0.0114969651727818,0.010859504430824299,0.0106477431869195,0.0115597762752876,3.6082248300317592e-16,3.6082248300317592e-16,1.214306433183765e-15,1.3253287356462806e-15,1.7208456881689926e-15,1.7208456881689926e-15,0.0111072746106434,0.0114118696031479,0.011570862700606,0.0112883444264706,0.0115558842562615,0.0111682442861738,0.0,0.0,0.0,0.0,0.0,0.0
pol,0.01,0.01,0.0081693228680682,0.008097626779084,0.0337,0.0174638765197581,0.00799613146904615,0.0069378588379756505,0.0114740046778751,0.0051679569852140506,0.008003664497363,0.0077301135141201,0.0051862517569884,0.00539575309416165,0.006728850454096149,0.006440601077708949,0.01,0.0099999999999999,0.009952022241037101,0.009999480823718501,0.010526315788417,0.0094202957131307,3.6082248300317592e-16,3.6082248300317592e-16,1.214306433183765e-15,1.214306433183765e-15,1.6930901125533637e-15,1.7347234759768069e-15,0.0081540152000703,0.0081118330379932,0.0082502036752308,0.0079601406799618,0.0081128101822303,0.0079601406799568,0.0,0.0,0.0,0.0,0.0,0.0
pollen,0.28,0.2799999999999999,0.5,0.5,0.2917,0.29942948826173416,0.5,0.4212410373358213,0.30199332541643475,0.2774719363453277,0.4758311204432306,0.5,0.36226481981580216,0.4770026398675305,0.4,0.5,0.31,0.4,0.2822247146026925,0.5,0.2796365413510432,0.285562732130181,0.3191862676557319,0.3345706446639103,0.31310419048842664,0.3200120082155093,0.3251188367983016,0.3000714079085875,0.4,0.4499256134033202,0.4,0.4400000000002416,0.4,0.40188402382172356,0.4,0.4,0.4,0.4,0.4,0.4
puma32H,0.0699999999999999,0.0699999999999999,0.026416409867105,0.0264867228274758,0.1813,0.10660454412493009,0.0266406209996055,0.02382639494531975,0.0994211386393479,0.0213834644551858,0.0264172323430841,0.0264584683910436,0.0222311327010317,0.02175106730953845,0.0245313543076469,0.0230599315304732,0.03,0.0299999999999999,0.059129777618768906,0.06591895361732786,0.0297023279954569,0.0283878966849926,4.440892098500626e-16,4.85722573273506e-16,1.4710455076283324e-15,1.457167719820518e-15,2.1371793224034263e-15,2.1371793224034263e-15,0.0271547840711072,0.0266049865346268,0.0268527948322411,0.0265602322206212,0.0266049865346003,0.0263140466012363,0.0,0.0,0.0,0.0,0.0,0.0
puma8NH,0.09,0.09,0.0358951621801042,0.036169061444727,0.1478,0.13603052571722296,0.03110434675555985,0.0312464809511666,0.03018873448413535,0.02773088274034355,0.0358978228105146,0.0360649498977857,0.02815331154974605,0.0280653678425848,0.0304336958683994,0.03068518289790475,0.0399999999999999,0.03,0.08736007530272749,0.0888694886962863,0.0388577995046822,0.0390140620888539,6.938893903907228e-16,6.938893903907228e-16,1.5959455978986625e-15,1.5959455978986625e-15,2.248201624865942e-15,2.248201624865942e-15,0.0360410848858003,0.036640479153702,0.0361577849421505,0.0367340778750489,0.0357142857143229,0.035583737976342,0.0,0.0,0.0,0.0,0.0,0.0
quake,0.2699999999999999,0.49,0.4,0.5,0.26229999999999987,0.2544821191638946,0.4,0.4,0.2493657204566586,0.2657614340497759,0.4,0.4999999999999998,0.32315159670521876,0.3999554476059523,0.4,0.5,0.29,0.39,0.26593714146029684,0.4396935531766287,0.2775658194434873,0.299999999999998,0.3499873560918218,0.2999999999999996,0.3414278193888553,0.2997379029581565,0.3334151927485028,0.2999664545454555,0.4,0.3000000000000005,0.4,0.3,0.4,0.3000000000000001,0.4,0.4,0.3999999999999999,0.5,0.4,0.5
space_ga,0.0899999999999999,0.0899999999999999,0.0355591788557096,0.0355660393458365,0.1356000000000001,0.13204263164963595,0.030951776555101902,0.0307337320821386,0.027638424052117548,0.027406189699975103,0.0351201249147167,0.0353741202032043,0.027798111528707502,0.028061460379456997,0.0298983207361896,0.0298451768391162,0.03,0.03,0.07887997589407855,0.07945942896869854,0.04000006044555725,0.039976379636102996,6.938893903907228e-16,9.506284648352905e-16,1.5820678100908479e-15,1.5820678100908479e-15,2.248201624865942e-15,2.248201624865942e-15,0.0360833443228275,0.0370090905824377,0.035935992657048,0.0355638745905806,0.0354592916607545,0.0349200260825848,0.0,0.0,0.0,0.0,0.0,0.0
spambase,0.03,0.03,0.0153782224101697,0.0153220571169897,0.0628,0.0447806423450227,0.01408654782373325,0.013570830544483749,0.01629636170338805,0.01193018075883175,0.0151623054770158,0.0155010202695753,0.011835007073082299,0.011988018016408,0.01293863836022385,0.01318318817566955,0.02,0.01,0.021007617017291598,0.02213335173195405,0.0171430698939651,0.0170475966654115,3.6082248300317592e-16,3.6082248300317592e-16,1.366962099069724e-15,1.3808398868775384e-15,1.7347234759768069e-15,1.7347234759768069e-15,0.0153674973232862,0.0155628274879067,0.0150363991668133,0.01530653220170815,0.01496829995382,0.0152542372881294,0.0,0.0,0.0,0.0,0.0,0.0
sylva_prior,0.02,0.0199999999999999,0.0114443024576239,0.0098153692290707,0.0867999999999999,0.04980849352066235,0.00990755393906145,0.0085719997020955,0.016401235513773052,0.0056961433052063505,0.0087198876190955,0.0060895131703185,0.0055518820090034,0.0051605676508201,0.0073613676903150505,0.007333649762108849,0.0399999999999999,0.03,0.0152838712975489,0.019901361894174803,0.0111441167293241,0.0108300037719858,3.6082248300317592e-16,3.6082248300317592e-16,1.3253287356462806e-15,1.3253287356462806e-15,1.7347234759768069e-15,1.7347234759768069e-15,0.0117289612474208,0.0100763927706368,0.0121009918845695,0.0092014420697948,0.0119523140034132,0.0096249210208868,0.0,0.0,0.0,0.0,0.0,0.0
tictactoe,0.01,0.01,0.0090909090909091,0.0077637947725072,0.0972000000000002,0.019469702638386002,0.0145897073030431,0.00856553483309905,0.055726549020230554,0.0063368937049737995,0.0116333216978249,0.0098192122120329,0.0063063518663524,0.0050776552964972,0.0085643256681168,0.0068914866270885,0.0299999999999999,0.01,0.0078556060190307,0.0099612043565247,0.0171428571432117,0.0141359149880163,3.6082248300317592e-16,3.6082248300317592e-16,1.3114509478384662e-15,1.3808398868775384e-15,1.7347234759768069e-15,1.6930901125533637e-15,0.0112161104131369,0.0091243423171893,0.0103778318088846,0.0081118330380037,0.0106856225636258,0.0078185260500727,0.0,0.0,0.0,0.0,0.0,0.0
transfusion,0.28,0.4499999999999999,0.1661399094111726,0.2715111321648509,0.228428141215652,0.25015345064395295,0.1176307997184847,0.12183909489962691,0.15414666514979675,0.13366553818757385,0.1364994804860488,0.1999999999999999,0.1387968317631578,0.15049151204555167,0.1228718703976435,0.20771572979368563,0.25,0.21,0.20779657281674252,0.2323406785801685,0.14569738490057826,0.2120485919703146,0.1999999999999996,0.2496778242149699,0.1999999999999989,0.2499471940611098,0.1999999999999977,0.2496556807879652,0.176487919858579,0.2645161290322386,0.1745593653892108,0.2164237888932956,0.167681836173281,0.2242857142853423,0.1999999999999999,0.2,0.1999999999999999,0.3,0.1999999999999999,0.2
visualizing_soil,0.0,0.0,3.349280551320777e-05,0.0,0.0002999999999999,0.0004315502925456,0.0002510034594287,0.00032429170880085,0.0001058639715102,0.0001754539830476,1.0216356366998802e-06,1.0216356366998802e-06,0.0008026392240149,0.0008026392240149,3.3492805513235524e-05,2.775557561562892e-17,0.0,0.0,1.384830134593118e-05,1.3848336255672944e-05,6.810940700319179e-13,7.143313718316335e-13,3.6082248300317592e-16,3.3306690738754696e-16,1.214306433183765e-15,1.2177758801357186e-15,1.6930901125533637e-15,1.6792123247455493e-15,7.771561172376097e-16,7.771561172376097e-16,2.6367796834847468e-15,2.6367796834847468e-15,1.609823385706477e-15,1.609823385706477e-15,0.0,0.0,0.0,0.0,0.0,0.0
wind,0.0799999999999999,0.0799999999999999,0.030219521682740398,0.0299897208824226,0.1203999999999999,0.1128349890449298,0.025803721406572902,0.025610083034525902,0.0225608442396474,0.021407956777309,0.0303925339410819,0.0303939658921052,0.02184469695015425,0.0218904509256804,0.02445100968453435,0.0245229213583631,0.03,0.0299999999999999,0.06879576210899249,0.06997354911605966,0.0318181822419253,0.0324326058810751,4.85722573273506e-16,6.245004513516507e-16,1.4710455076283324e-15,1.547373340571312e-15,2.1926904736346838e-15,2.1926904736346838e-15,0.0301025653286254,0.030423437706427,0.030260438197603,0.02999533654592,0.0295912892535441,0.0299266511364536,0.0,0.0,0.0,0.0,0.0,0.0
wine-q-red,0.1099999999999999,0.1099999999999999,0.0452072709097156,0.0458548069754536,0.1631,0.15626906165191995,0.038415375192076856,0.039499284433641105,0.03571038807280885,0.0342877275843967,0.045445939718667,0.0465545826230969,0.03426307871255885,0.03491937216918345,0.03689235896079475,0.0377333822515821,0.04,0.04,0.0971526650951191,0.0987452622554977,0.0527540808783656,0.052366959901939805,0.0439999999999999,0.0490000000000002,1.6653345369377348e-15,0.0510000000000012,0.0190000000000017,0.0240000000000016,0.0475391647499343,0.0510420730008411,0.0472241189138049,0.0483143296077753,0.04619492143319405,0.0480173035328294,0.0,0.0,0.0,0.0,0.0,0.0
wine-q-white,0.12,0.11,0.0413235466626447,0.0414322113450449,0.1589,0.1495102486317334,0.03505051033379835,0.0361040535541041,0.031816648603696,0.0287563084484592,0.0389404703804279,0.0398059519688063,0.0298783293245169,0.0299471704039318,0.03362200668944525,0.03460994572543915,0.0499999999999999,0.05,0.10195959707028121,0.10414361931256995,0.0482229150090084,0.0499283381246514,1.1032841307212493e-15,1.1032841307212493e-15,1.5959455978986625e-15,1.5959455978986625e-15,4.225786387479502e-15,4.225786387479502e-15,0.0435052185594629,0.0454954954954993,0.04259208121572075,0.0432782355048652,0.0423326990168244,0.041899781285200846,0.0,0.0,0.0,0.0,0.0,0.0
winetype,0.0,0.0,0.0050181518998172,0.0048965369659516,0.01762916666666655,0.00914513261646675,0.00557544502129865,0.0047460990056309,0.0058135465932228,0.0033601418366053003,0.0059650096933746,0.0049584406522741,0.0038010545124844,0.0041914225556916,0.0045345821918263,0.0043781059760209,0.01,0.0099999999999999,0.00128776933289955,0.00086498552679285,0.0060543556136024,0.0057271772740388,3.6082248300317592e-16,3.6082248300317592e-16,1.214306433183765e-15,1.214306433183765e-15,1.7208456881689926e-15,1.7208456881689926e-15,0.0050091546619727,0.0046080013590387,0.0046378054007731,0.0046080013590474,0.0046378054007885,0.0046080013590489,0.0,0.0,0.0,0.0,0.0,0.0
yeast,0.22,0.24,0.0784023406330348,0.0829956824975091,0.2083000000000001,0.2124720555742648,0.061974738736972845,0.063975264681975,0.0543754721786595,0.055849275900933554,0.0714083065374376,0.0736139632807058,0.06106175591609965,0.0634960397708135,0.06425291155398535,0.0679600804349445,0.09,0.09,0.1791701866351888,0.17989014789265356,0.0816696545499781,0.0857644234525514,0.0999999999999999,0.0999999999999999,0.0999999999999994,0.0999999999999999,0.0999999999999999,0.0999999999999999,0.085015829134515,0.0874985510606241,0.0803964757709578,0.0872231344323724,0.0790289952798496,0.0836496350364691,0.0999999999999999,0.0999999999999999,0.0999999999999999,0.0999999999999999,0.0999999999999999,0.0999999999999999
